death,id
9500.547770348563,0
9520.584603940591,1
9541.057545215419,2
9561.918827731426,3
9583.125366736218,4
9604.638301354737,5
9626.422581543526,6
9648.446595433801,7
9670.681833113984,8
9693.10258328856,9
9715.685659598514,10
